{"loss":{"0":0.3208574951},"sparse_categorical_accuracy":{"0":0.9252908826},"val_loss":{"0":0.2052367181},"val_sparse_categorical_accuracy":{"0":0.9571999907}}